"SampleID","TA","Mass"
"20160321_Tank5",2713.03939887997,59.9394
"20160321_Tank6",2958.71156193972,59.9707
"20160320_Tank1",2682.3290711657,59.7065
"20160320_Tank2",2852.68628266569,60.4972
"20160320_Tank4",2680.46632667533,60.1986
"20160320_Tank3",2894.98816797392,60.6786
"20160320_Tank5",2686.90212455835,58.7344
"20160320_Tank6",2870.70683822464,60.988
"20160319_Tank1",2681.09915317677,60.5165
