"SampleID","TA","Mass"
"20160317_Tank4",2736.57342640223,60.1647
"20160317_Tank6",2803.50445574437,59.8785
"20160314_Tank1",2678.88173942007,61.0018
"20160314_Tank2",2479.33059210624,59.9961
"20160314_Tank3",2569.19100485993,60.99
"20160314_Tank4",2540.73106230553,60.9227
"20160314_Tank5",2715.16179824976,59.6788
"20160313_Tank1",2689.35820293066,60.1156
"20160313_Tank2",2555.58717241801,59.8439
