"SampleID","TA","Mass"
"20160319_Tank3",2755.42714940411,60.7676
"20160319_Tank4",2641.8207887979,60.5671
"20160319_Tank5",2631.23069395211,59.2912
"20160319_Tank6",2619.41233146122,60.7332
"20160317_Tank1",2737.32722366411,60.911
"20160317_Tank3",2911.10016437492,59.9791
"20160313_Header2",2587.22811370968,59.4716
"20160321_Header2",2891.87989015787,60.4381
"20160311_Header1",2728.63826222929,60.4433
