"SampleID","TA","Mass"
"20180710_JUNK",2050.35354714061,60.1947
"20180710_CRM1",2223.87504882945,60.6675
"20180710_CRM2",2223.47411016159,59.3856
